Pages les plus populaires,Clics,Impressions,CTR,Position
https://registreduquebec.com/entreprise/quebec/gestion-saint-felix-inc-2,50,157,31.85%,3.19
https://registreduquebec.com/entreprise/saguenay/sotex-inc,15,53,28.3%,3.91
https://registreduquebec.com/entreprise/p-abbat-inc-2,12,324,3.7%,9.79
https://registreduquebec.com/entreprise/gene-ripe-inc,10,305,3.28%,9.08
https://registreduquebec.com/entreprise/marche-isadora-inc-2,10,32,31.25%,2.5
https://registreduquebec.com/entreprise/c-cafe-inc,10,26,38.46%,4.23
https://registreduquebec.com/entreprise/me-nikolina-vulic-notaire-2,9,33,27.27%,7.64
https://registreduquebec.com/entreprise/saint-ours/clinique-veterinaire-sainte-victoire-inc-3,8,59,13.56%,7.53
https://registreduquebec.com/entreprise/pharmacie-andree-anne-rajotte-et-julie-pichette-in,7,12,58.33%,5.17
https://registreduquebec.com/en/commerce-de-detail/saint-jerome/centre-dentraide-la-maison-rose,6,61,9.84%,7.15
https://registreduquebec.com/entreprise/investissement-luciano-rossi-inc-2,6,11,54.55%,1.64
https://registreduquebec.com/entreprise/transport-mbl-girardville-inc,5,182,2.75%,7.86
https://registreduquebec.com/entreprise/espace-cession,5,99,5.05%,5.07
https://registreduquebec.com/entreprise/les-renovations-et-deneigement-jklm-4,5,40,12.5%,9.68
https://registreduquebec.com/entreprise/mensa-distributeur-alimentaire-inc,5,21,23.81%,4.71
https://registreduquebec.com/entreprise/cacchione-sports-inc-2,5,7,71.43%,7.29
https://registreduquebec.com/entreprise/rouyn-noranda/delices-en-cavale-2281274979-1,5,6,83.33%,1.33
https://registreduquebec.com/entreprise/valerie-lefebvre-notaire-en-fideicommis,4,83,4.82%,8.11
https://registreduquebec.com/en/finance-assurance-et-juridique/shawinigan/assurances-je-menard-fils-ltee,4,40,10%,10.05
https://registreduquebec.com/entreprise/sept-iles/marie-josee-desrosiers-notaire-inc-2,4,21,19.05%,2.62
https://registreduquebec.com/,3,144,2.08%,32.28
https://registreduquebec.com/region/lanaudiere,2,11,18.18%,1.45
https://registreduquebec.com/region/montreal,2,6,33.33%,17.33
